[
{
  "model": "admin.logentry",
  "pk": 1,
  "fields": {
    "action_time": "2026-07-07T07:27:20.472Z",
    "user": 1,
    "content_type": 7,
    "object_id": "1",
    "object_repr": "CSM",
    "action_flag": 1,
    "change_message": "[{\"added\": {}}]"
  }
},
{
  "model": "admin.logentry",
  "pk": 2,
  "fields": {
    "action_time": "2026-07-07T07:28:18.928Z",
    "user": 1,
    "content_type": 8,
    "object_id": "2",
    "object_repr": "Information Systems",
    "action_flag": 1,
    "change_message": "[{\"added\": {}}]"
  }
},
{
  "model": "admin.logentry",
  "pk": 3,
  "fields": {
    "action_time": "2026-07-07T07:29:25.762Z",
    "user": 1,
    "content_type": 8,
    "object_id": "1",
    "object_repr": "Computer Networks",
    "action_flag": 2,
    "change_message": "[{\"changed\": {\"fields\": [\"Code\"]}}]"
  }
},
{
  "model": "admin.logentry",
  "pk": 4,
  "fields": {
    "action_time": "2026-07-07T07:30:02.154Z",
    "user": 1,
    "content_type": 15,
    "object_id": "1",
    "object_repr": "Server Management (Computer Networks)",
    "action_flag": 2,
    "change_message": "[{\"changed\": {\"fields\": [\"Code\"]}}]"
  }
},
{
  "model": "admin.logentry",
  "pk": 5,
  "fields": {
    "action_time": "2026-07-07T07:30:39.002Z",
    "user": 1,
    "content_type": 15,
    "object_id": "2",
    "object_repr": "Analytics (Computer Networks)",
    "action_flag": 1,
    "change_message": "[{\"added\": {}}]"
  }
},
{
  "model": "admin.logentry",
  "pk": 6,
  "fields": {
    "action_time": "2026-07-07T07:31:21.876Z",
    "user": 1,
    "content_type": 15,
    "object_id": "3",
    "object_repr": "Cloud and Devops (Information Systems)",
    "action_flag": 1,
    "change_message": "[{\"added\": {}}]"
  }
},
{
  "model": "admin.logentry",
  "pk": 7,
  "fields": {
    "action_time": "2026-07-07T07:32:23.605Z",
    "user": 1,
    "content_type": 4,
    "object_id": "3",
    "object_repr": "Allen",
    "action_flag": 1,
    "change_message": "[{\"added\": {}}]"
  }
},
{
  "model": "admin.logentry",
  "pk": 8,
  "fields": {
    "action_time": "2026-07-07T07:33:53.571Z",
    "user": 1,
    "content_type": 4,
    "object_id": "3",
    "object_repr": "Allen",
    "action_flag": 2,
    "change_message": "[{\"changed\": {\"fields\": [\"First name\", \"Last name\", \"Email address\", \"Groups\", \"User permissions\"]}}]"
  }
},
{
  "model": "admin.logentry",
  "pk": 9,
  "fields": {
    "action_time": "2026-07-07T07:34:52.986Z",
    "user": 1,
    "content_type": 4,
    "object_id": "2",
    "object_repr": "Akila",
    "action_flag": 2,
    "change_message": "[{\"changed\": {\"fields\": [\"First name\", \"Last name\", \"User permissions\"]}}]"
  }
},
{
  "model": "admin.logentry",
  "pk": 10,
  "fields": {
    "action_time": "2026-07-07T07:35:41.176Z",
    "user": 1,
    "content_type": 4,
    "object_id": "4",
    "object_repr": "Deborah",
    "action_flag": 1,
    "change_message": "[{\"added\": {}}]"
  }
},
{
  "model": "admin.logentry",
  "pk": 11,
  "fields": {
    "action_time": "2026-07-07T07:37:26.307Z",
    "user": 1,
    "content_type": 2,
    "object_id": "2",
    "object_repr": "Lecturer",
    "action_flag": 1,
    "change_message": "[{\"added\": {}}]"
  }
},
{
  "model": "admin.logentry",
  "pk": 12,
  "fields": {
    "action_time": "2026-07-07T07:39:34.248Z",
    "user": 1,
    "content_type": 2,
    "object_id": "3",
    "object_repr": "HOD",
    "action_flag": 1,
    "change_message": "[{\"added\": {}}]"
  }
},
{
  "model": "admin.logentry",
  "pk": 13,
  "fields": {
    "action_time": "2026-07-07T07:40:35.791Z",
    "user": 1,
    "content_type": 2,
    "object_id": "4",
    "object_repr": "Admin",
    "action_flag": 1,
    "change_message": "[{\"added\": {}}]"
  }
},
{
  "model": "admin.logentry",
  "pk": 14,
  "fields": {
    "action_time": "2026-07-07T07:42:45.255Z",
    "user": 1,
    "content_type": 4,
    "object_id": "4",
    "object_repr": "Deborah",
    "action_flag": 2,
    "change_message": "[{\"changed\": {\"fields\": [\"First name\", \"Last name\", \"Email address\", \"Groups\", \"User permissions\"]}}]"
  }
},
{
  "model": "admin.logentry",
  "pk": 15,
  "fields": {
    "action_time": "2026-07-07T07:44:16.629Z",
    "user": 1,
    "content_type": 4,
    "object_id": "4",
    "object_repr": "Deborah",
    "action_flag": 2,
    "change_message": "[{\"changed\": {\"fields\": [\"Groups\", \"User permissions\"]}}]"
  }
},
{
  "model": "admin.logentry",
  "pk": 16,
  "fields": {
    "action_time": "2026-07-07T07:44:33.891Z",
    "user": 1,
    "content_type": 4,
    "object_id": "3",
    "object_repr": "Allen",
    "action_flag": 2,
    "change_message": "[]"
  }
},
{
  "model": "admin.logentry",
  "pk": 17,
  "fields": {
    "action_time": "2026-07-07T07:45:12.069Z",
    "user": 1,
    "content_type": 4,
    "object_id": "5",
    "object_repr": "Shedrack",
    "action_flag": 1,
    "change_message": "[{\"added\": {}}]"
  }
},
{
  "model": "admin.logentry",
  "pk": 18,
  "fields": {
    "action_time": "2026-07-07T07:46:57.631Z",
    "user": 1,
    "content_type": 4,
    "object_id": "5",
    "object_repr": "Shedrack",
    "action_flag": 2,
    "change_message": "[{\"changed\": {\"fields\": [\"First name\", \"Last name\", \"Email address\", \"Groups\", \"User permissions\"]}}]"
  }
},
{
  "model": "admin.logentry",
  "pk": 19,
  "fields": {
    "action_time": "2026-07-07T07:47:21.409Z",
    "user": 1,
    "content_type": 11,
    "object_id": "1",
    "object_repr": "Deborah -> Server Management",
    "action_flag": 1,
    "change_message": "[{\"added\": {}}]"
  }
},
{
  "model": "admin.logentry",
  "pk": 20,
  "fields": {
    "action_time": "2026-07-07T07:47:43.807Z",
    "user": 1,
    "content_type": 11,
    "object_id": "2",
    "object_repr": "Deborah -> Cloud and Devops",
    "action_flag": 1,
    "change_message": "[{\"added\": {}}]"
  }
},
{
  "model": "admin.logentry",
  "pk": 21,
  "fields": {
    "action_time": "2026-07-07T07:47:59.052Z",
    "user": 1,
    "content_type": 12,
    "object_id": "1",
    "object_repr": "Deborah -> Computer Networks",
    "action_flag": 1,
    "change_message": "[{\"added\": {}}]"
  }
},
{
  "model": "admin.logentry",
  "pk": 22,
  "fields": {
    "action_time": "2026-07-07T07:48:10.001Z",
    "user": 1,
    "content_type": 12,
    "object_id": "2",
    "object_repr": "Deborah -> Information Systems",
    "action_flag": 1,
    "change_message": "[{\"added\": {}}]"
  }
},
{
  "model": "admin.logentry",
  "pk": 23,
  "fields": {
    "action_time": "2026-07-07T07:48:24.436Z",
    "user": 1,
    "content_type": 13,
    "object_id": "1",
    "object_repr": "Deborah -> Server Management",
    "action_flag": 1,
    "change_message": "[{\"added\": {}}]"
  }
},
{
  "model": "admin.logentry",
  "pk": 24,
  "fields": {
    "action_time": "2026-07-07T07:48:36.609Z",
    "user": 1,
    "content_type": 13,
    "object_id": "2",
    "object_repr": "Deborah -> Cloud and Devops",
    "action_flag": 1,
    "change_message": "[{\"added\": {}}]"
  }
},
{
  "model": "admin.logentry",
  "pk": 25,
  "fields": {
    "action_time": "2026-07-07T07:48:58.189Z",
    "user": 1,
    "content_type": 14,
    "object_id": "1",
    "object_repr": "Akila -> Computer Networks",
    "action_flag": 1,
    "change_message": "[{\"added\": {}}]"
  }
},
{
  "model": "admin.logentry",
  "pk": 26,
  "fields": {
    "action_time": "2026-07-07T07:49:07.250Z",
    "user": 1,
    "content_type": 14,
    "object_id": "2",
    "object_repr": "Allen -> Information Systems",
    "action_flag": 1,
    "change_message": "[{\"added\": {}}]"
  }
},
{
  "model": "admin.logentry",
  "pk": 27,
  "fields": {
    "action_time": "2026-07-07T08:01:55.061Z",
    "user": 1,
    "content_type": 17,
    "object_id": "2",
    "object_repr": "31594/T.2023 - ALLEN JOHN",
    "action_flag": 1,
    "change_message": "[{\"added\": {}}]"
  }
},
{
  "model": "admin.logentry",
  "pk": 28,
  "fields": {
    "action_time": "2026-07-07T08:03:51.707Z",
    "user": 1,
    "content_type": 17,
    "object_id": "2",
    "object_repr": "31594/T.2023 - ALLEN JOHN",
    "action_flag": 2,
    "change_message": "[]"
  }
},
{
  "model": "admin.logentry",
  "pk": 29,
  "fields": {
    "action_time": "2026-07-07T08:04:41.439Z",
    "user": 1,
    "content_type": 4,
    "object_id": "2",
    "object_repr": "Akila",
    "action_flag": 2,
    "change_message": "[]"
  }
},
{
  "model": "admin.logentry",
  "pk": 30,
  "fields": {
    "action_time": "2026-07-07T08:04:55.805Z",
    "user": 1,
    "content_type": 14,
    "object_id": "1",
    "object_repr": "Akila -> Computer Networks",
    "action_flag": 2,
    "change_message": "[]"
  }
},
{
  "model": "admin.logentry",
  "pk": 31,
  "fields": {
    "action_time": "2026-07-07T08:05:23.614Z",
    "user": 1,
    "content_type": 17,
    "object_id": "1",
    "object_repr": " - ",
    "action_flag": 3,
    "change_message": ""
  }
},
{
  "model": "admin.logentry",
  "pk": 32,
  "fields": {
    "action_time": "2026-07-07T08:05:52.602Z",
    "user": 1,
    "content_type": 17,
    "object_id": "3",
    "object_repr": "30000/T.2023 - AKILA INNOCENT",
    "action_flag": 1,
    "change_message": "[{\"added\": {}}]"
  }
},
{
  "model": "admin.logentry",
  "pk": 33,
  "fields": {
    "action_time": "2026-07-10T10:26:59.428Z",
    "user": 1,
    "content_type": 8,
    "object_id": "1",
    "object_repr": "Computer Networks",
    "action_flag": 2,
    "change_message": "[]"
  }
},
{
  "model": "admin.logentry",
  "pk": 34,
  "fields": {
    "action_time": "2026-07-10T10:27:11.522Z",
    "user": 1,
    "content_type": 12,
    "object_id": "1",
    "object_repr": "Deborah -> Computer Networks",
    "action_flag": 2,
    "change_message": "[]"
  }
},
{
  "model": "admin.logentry",
  "pk": 35,
  "fields": {
    "action_time": "2026-07-10T10:27:20.230Z",
    "user": 1,
    "content_type": 14,
    "object_id": "1",
    "object_repr": "Akila -> Computer Networks",
    "action_flag": 2,
    "change_message": "[]"
  }
},
{
  "model": "admin.logentry",
  "pk": 36,
  "fields": {
    "action_time": "2026-07-10T10:27:35.893Z",
    "user": 1,
    "content_type": 11,
    "object_id": "1",
    "object_repr": "Deborah -> Server Management",
    "action_flag": 2,
    "change_message": "[]"
  }
},
{
  "model": "admin.logentry",
  "pk": 37,
  "fields": {
    "action_time": "2026-07-10T10:27:48.555Z",
    "user": 1,
    "content_type": 17,
    "object_id": "3",
    "object_repr": "30000/T.2023 - AKILA INNOCENT",
    "action_flag": 2,
    "change_message": "[]"
  }
},
{
  "model": "admin.logentry",
  "pk": 38,
  "fields": {
    "action_time": "2026-07-10T10:28:21.770Z",
    "user": 1,
    "content_type": 19,
    "object_id": "1",
    "object_repr": "Computer Networks - Server Management",
    "action_flag": 2,
    "change_message": "[]"
  }
},
{
  "model": "admin.logentry",
  "pk": 39,
  "fields": {
    "action_time": "2026-07-12T10:05:42.509Z",
    "user": 1,
    "content_type": 26,
    "object_id": "1",
    "object_repr": "R50",
    "action_flag": 1,
    "change_message": "[{\"added\": {}}]"
  }
},
{
  "model": "admin.logentry",
  "pk": 40,
  "fields": {
    "action_time": "2026-07-12T10:06:36.912Z",
    "user": 1,
    "content_type": 26,
    "object_id": "2",
    "object_repr": "R74",
    "action_flag": 1,
    "change_message": "[{\"added\": {}}]"
  }
},
{
  "model": "admin.logentry",
  "pk": 41,
  "fields": {
    "action_time": "2026-07-12T10:07:26.038Z",
    "user": 1,
    "content_type": 25,
    "object_id": "1",
    "object_repr": "Beacon 1C",
    "action_flag": 1,
    "change_message": "[{\"added\": {}}]"
  }
},
{
  "model": "admin.logentry",
  "pk": 42,
  "fields": {
    "action_time": "2026-07-12T10:07:47.975Z",
    "user": 1,
    "content_type": 25,
    "object_id": "2",
    "object_repr": "Beacon 2B",
    "action_flag": 1,
    "change_message": "[{\"added\": {}}]"
  }
},
{
  "model": "admin.logentry",
  "pk": 43,
  "fields": {
    "action_time": "2026-07-12T11:52:23.887Z",
    "user": 1,
    "content_type": 16,
    "object_id": "2",
    "object_repr": "Information Systems - MON 08:00:00",
    "action_flag": 1,
    "change_message": "[{\"added\": {}}]"
  }
},
{
  "model": "admin.logentry",
  "pk": 44,
  "fields": {
    "action_time": "2026-07-13T14:27:51.716Z",
    "user": 1,
    "content_type": 26,
    "object_id": "2",
    "object_repr": "R74",
    "action_flag": 2,
    "change_message": "[]"
  }
},
{
  "model": "admin.logentry",
  "pk": 45,
  "fields": {
    "action_time": "2026-07-14T09:29:22.440Z",
    "user": 1,
    "content_type": 26,
    "object_id": "1",
    "object_repr": "R50",
    "action_flag": 2,
    "change_message": "[]"
  }
},
{
  "model": "admin.logentry",
  "pk": 46,
  "fields": {
    "action_time": "2026-07-14T09:30:03.637Z",
    "user": 1,
    "content_type": 26,
    "object_id": "2",
    "object_repr": "R74",
    "action_flag": 2,
    "change_message": "[]"
  }
},
{
  "model": "admin.logentry",
  "pk": 47,
  "fields": {
    "action_time": "2026-07-15T10:19:27.722Z",
    "user": 1,
    "content_type": 26,
    "object_id": "2",
    "object_repr": "R74",
    "action_flag": 2,
    "change_message": "[]"
  }
},
{
  "model": "auth.group",
  "pk": 1,
  "fields": {
    "name": "student",
    "permissions": []
  }
},
{
  "model": "auth.group",
  "pk": 2,
  "fields": {
    "name": "Lecturer",
    "permissions": [
      76,
      80,
      12,
      36,
      56,
      64
    ]
  }
},
{
  "model": "auth.group",
  "pk": 3,
  "fields": {
    "name": "HOD",
    "permissions": [
      92,
      4,
      76,
      72,
      80,
      33,
      35,
      36,
      29,
      31
    ]
  }
},
{
  "model": "auth.group",
  "pk": 4,
  "fields": {
    "name": "Admin",
    "permissions": [
      88,
      9,
      10,
      11
    ]
  }
},
{
  "model": "auth.user",
  "pk": 1,
  "fields": {
    "password": "pbkdf2_sha256$1200000$lLzZi9t0gVvvExPDzmg3ck$OyYAOqQbDh0Tx8kFqxWXZWLlMi+/gKoP2pWWvCb/P08=",
    "last_login": "2026-07-07T07:26:56.208Z",
    "is_superuser": true,
    "username": "Irene",
    "first_name": "",
    "last_name": "",
    "email": "irene@gmail.com",
    "is_staff": true,
    "is_active": true,
    "date_joined": "2026-07-06T21:07:47.319Z",
    "groups": [],
    "user_permissions": []
  }
},
{
  "model": "auth.user",
  "pk": 2,
  "fields": {
    "password": "pbkdf2_sha256$1200000$8eqKIIIysc25ludgXRsIT2$Ie7rOhoSfiQ6JKpeAYX6fvKscA5e45pCiaaQXjRU61M=",
    "last_login": null,
    "is_superuser": false,
    "username": "Akila",
    "first_name": "AKILA",
    "last_name": "INNOCENT",
    "email": "akila@gmail.com",
    "is_staff": false,
    "is_active": true,
    "date_joined": "2026-07-06T21:12:06Z",
    "groups": [
      1
    ],
    "user_permissions": [
      72,
      44,
      60,
      28
    ]
  }
},
{
  "model": "auth.user",
  "pk": 3,
  "fields": {
    "password": "pbkdf2_sha256$1200000$BtPLTmdt3k2kjFgzpwvbDU$uacZLoE5S8PK1JBNl2HA2caMbUGXQRMDTzqwyjMuOTA=",
    "last_login": null,
    "is_superuser": false,
    "username": "Allen",
    "first_name": "ALLEN",
    "last_name": "JOHN",
    "email": "allen@gmail.com",
    "is_staff": false,
    "is_active": true,
    "date_joined": "2026-07-07T07:32:22Z",
    "groups": [
      1
    ],
    "user_permissions": [
      76,
      44,
      48,
      60,
      28
    ]
  }
},
{
  "model": "auth.user",
  "pk": 4,
  "fields": {
    "password": "pbkdf2_sha256$1200000$Lvd4LARVIWMgbO5ZobEX2a$ajikCZnGAHk6IQCbVFfcvK9pW9Hldnw8+k2Rc/lB/0I=",
    "last_login": null,
    "is_superuser": false,
    "username": "Deborah",
    "first_name": "DEBORAH",
    "last_name": "DIDIMI",
    "email": "deborah@gmail.com",
    "is_staff": false,
    "is_active": true,
    "date_joined": "2026-07-07T07:35:40Z",
    "groups": [
      2
    ],
    "user_permissions": [
      69,
      71,
      8,
      16,
      56,
      52,
      64
    ]
  }
},
{
  "model": "auth.user",
  "pk": 5,
  "fields": {
    "password": "pbkdf2_sha256$1200000$aNdLP3okpDvh0QDY3zIpxN$r/2x5D2eblqrYgLv1+YtcC5/2pMtbcS6t46leqe3sRU=",
    "last_login": null,
    "is_superuser": false,
    "username": "Shedrack",
    "first_name": "SHEDRACK",
    "last_name": "GURUYEDI",
    "email": "shedy@gmail.com",
    "is_staff": false,
    "is_active": true,
    "date_joined": "2026-07-07T07:45:11Z",
    "groups": [
      3
    ],
    "user_permissions": [
      92,
      4,
      76,
      72,
      80,
      8,
      16,
      33,
      36,
      29,
      56,
      37,
      40
    ]
  }
},
{
  "model": "auth.user",
  "pk": 6,
  "fields": {
    "password": "pbkdf2_sha256$1200000$IYwy1I4WYI6nSTg7kopOuk$10OAnQ/pmN2AKnkKUXux4F4+nHXbFlmXcVufH682pzs=",
    "last_login": null,
    "is_superuser": true,
    "username": "Alpha",
    "first_name": "",
    "last_name": "",
    "email": "alpha@gmail.com",
    "is_staff": true,
    "is_active": true,
    "date_joined": "2026-07-15T14:57:11.367Z",
    "groups": [],
    "user_permissions": []
  }
},
{
  "model": "auth.user",
  "pk": 7,
  "fields": {
    "password": "pbkdf2_sha256$1200000$GLnuqq1Q12MA2kvpaU6snA$E+tHcEnZfpzlEtC+pQuuqo8VJ+uR+g71FO2Q8sEgr/0=",
    "last_login": null,
    "is_superuser": true,
    "username": "Admin",
    "first_name": "",
    "last_name": "",
    "email": "admin@gmail.com",
    "is_staff": true,
    "is_active": true,
    "date_joined": "2026-07-15T15:00:42.886Z",
    "groups": [],
    "user_permissions": []
  }
},
{
  "model": "departments.department",
  "pk": 1,
  "fields": {
    "name": "CSM"
  }
},
{
  "model": "courses.department",
  "pk": 1,
  "fields": {
    "name": "CSM"
  }
},
{
  "model": "courses.course",
  "pk": 1,
  "fields": {
    "name": "Computer Networks",
    "code": "CN",
    "department": 1,
    "created_at": "2026-07-06T21:12:53.281Z"
  }
},
{
  "model": "courses.course",
  "pk": 2,
  "fields": {
    "name": "Information Systems",
    "code": "IS",
    "department": 1,
    "created_at": "2026-07-07T07:28:18.924Z"
  }
},
{
  "model": "courses.subject",
  "pk": 1,
  "fields": {
    "course": 1,
    "name": "Server Management",
    "code": "SM1"
  }
},
{
  "model": "courses.subject",
  "pk": 2,
  "fields": {
    "course": 1,
    "name": "Analytics",
    "code": "AA1"
  }
},
{
  "model": "courses.subject",
  "pk": 3,
  "fields": {
    "course": 2,
    "name": "Cloud and Devops",
    "code": "CD2"
  }
},
{
  "model": "courses.lecturersubject",
  "pk": 1,
  "fields": {
    "lecturer": 4,
    "subject": 1
  }
},
{
  "model": "courses.lecturersubject",
  "pk": 2,
  "fields": {
    "lecturer": 4,
    "subject": 3
  }
},
{
  "model": "courses.lecturerassignment",
  "pk": 1,
  "fields": {
    "lecturer": 4,
    "subject": 1
  }
},
{
  "model": "courses.lecturerassignment",
  "pk": 2,
  "fields": {
    "lecturer": 4,
    "subject": 3
  }
},
{
  "model": "courses.lecturercourse",
  "pk": 1,
  "fields": {
    "lecturer": 4,
    "course": 1
  }
},
{
  "model": "courses.lecturercourse",
  "pk": 2,
  "fields": {
    "lecturer": 4,
    "course": 2
  }
},
{
  "model": "courses.studentcourse",
  "pk": 1,
  "fields": {
    "student": 2,
    "course": 1
  }
},
{
  "model": "courses.studentcourse",
  "pk": 2,
  "fields": {
    "student": 3,
    "course": 2
  }
},
{
  "model": "courses.timetable",
  "pk": 1,
  "fields": {
    "course": 1,
    "lecturer": 4,
    "day": "TUE",
    "start_time": "09:00:00",
    "end_time": "11:00:00",
    "room": "R50",
    "created_at": "2026-07-12T11:50:11.407Z"
  }
},
{
  "model": "courses.timetable",
  "pk": 2,
  "fields": {
    "course": 2,
    "lecturer": 4,
    "day": "MON",
    "start_time": "08:00:00",
    "end_time": "10:00:00",
    "room": "R74",
    "created_at": "2026-07-12T11:52:23.884Z"
  }
},
{
  "model": "courses.classroom",
  "pk": 1,
  "fields": {
    "room_name": "Computer Lab",
    "room_number": "R50",
    "latitude": -6.792354,
    "longitude": 39.208328,
    "radius_meters": 20
  }
},
{
  "model": "courses.classroom",
  "pk": 2,
  "fields": {
    "room_name": "Automation Lab",
    "room_number": "R74",
    "latitude": -6.7634967,
    "longitude": 39.2147658,
    "radius_meters": 20
  }
},
{
  "model": "courses.blebeacon",
  "pk": 1,
  "fields": {
    "beacon_name": "Beacon 1C",
    "beacon_id": "Beacon 1C",
    "classroom": 1
  }
},
{
  "model": "courses.blebeacon",
  "pk": 2,
  "fields": {
    "beacon_name": "Beacon 2B",
    "beacon_id": "Beacon 2B",
    "classroom": 2
  }
},
{
  "model": "students.student",
  "pk": 2,
  "fields": {
    "user": 3,
    "reg_number": "31594/T.2023",
    "full_name": "ALLEN JOHN",
    "email": "allen@gmail.com",
    "phone_number": "0712345678",
    "course": 2,
    "year_of_study": 3
  }
},
{
  "model": "students.student",
  "pk": 3,
  "fields": {
    "user": 2,
    "reg_number": "30000/T.2023",
    "full_name": "AKILA INNOCENT",
    "email": "akila@gmail.com",
    "phone_number": "0743377196",
    "course": 1,
    "year_of_study": 3
  }
},
{
  "model": "students.notification",
  "pk": 1,
  "fields": {
    "student": 2,
    "title": "Attendance Session Started",
    "message": "Server Management session is now active.",
    "is_read": false,
    "created_at": "2026-07-12T10:21:09.040Z"
  }
},
{
  "model": "students.notification",
  "pk": 2,
  "fields": {
    "student": 3,
    "title": "Attendance Session Started",
    "message": "Server Management session is now active.",
    "is_read": false,
    "created_at": "2026-07-12T10:21:09.047Z"
  }
},
{
  "model": "students.notification",
  "pk": 3,
  "fields": {
    "student": 2,
    "title": "Attendance Session Started",
    "message": "Server Management session is now active.",
    "is_read": false,
    "created_at": "2026-07-13T10:22:28.070Z"
  }
},
{
  "model": "students.notification",
  "pk": 4,
  "fields": {
    "student": 3,
    "title": "Attendance Session Started",
    "message": "Server Management session is now active.",
    "is_read": false,
    "created_at": "2026-07-13T10:22:28.080Z"
  }
},
{
  "model": "students.notification",
  "pk": 5,
  "fields": {
    "student": 2,
    "title": "Attendance Session Started",
    "message": "Server Management session is now active.",
    "is_read": false,
    "created_at": "2026-07-14T09:05:30.416Z"
  }
},
{
  "model": "students.notification",
  "pk": 6,
  "fields": {
    "student": 3,
    "title": "Attendance Session Started",
    "message": "Server Management session is now active.",
    "is_read": false,
    "created_at": "2026-07-14T09:05:30.424Z"
  }
},
{
  "model": "students.notification",
  "pk": 7,
  "fields": {
    "student": 2,
    "title": "Attendance Session Started",
    "message": "Server Management session is now active.",
    "is_read": false,
    "created_at": "2026-07-14T13:19:23.278Z"
  }
},
{
  "model": "students.notification",
  "pk": 8,
  "fields": {
    "student": 3,
    "title": "Attendance Session Started",
    "message": "Server Management session is now active.",
    "is_read": false,
    "created_at": "2026-07-14T13:19:23.284Z"
  }
},
{
  "model": "students.notification",
  "pk": 9,
  "fields": {
    "student": 3,
    "title": "Session automatically ended",
    "message": "Server Management session was automatically closed. You can checkout within 10 minutes.",
    "is_read": false,
    "created_at": "2026-07-14T13:20:34.082Z"
  }
},
{
  "model": "students.notification",
  "pk": 10,
  "fields": {
    "student": 2,
    "title": "Attendance Session Started",
    "message": "Server Management session is now active.",
    "is_read": false,
    "created_at": "2026-07-14T14:20:22.606Z"
  }
},
{
  "model": "students.notification",
  "pk": 11,
  "fields": {
    "student": 3,
    "title": "Attendance Session Started",
    "message": "Server Management session is now active.",
    "is_read": false,
    "created_at": "2026-07-14T14:20:22.615Z"
  }
},
{
  "model": "students.notification",
  "pk": 12,
  "fields": {
    "student": 2,
    "title": "Attendance Session Started",
    "message": "Server Management session is now active.",
    "is_read": false,
    "created_at": "2026-07-14T14:41:34.527Z"
  }
},
{
  "model": "students.notification",
  "pk": 13,
  "fields": {
    "student": 3,
    "title": "Attendance Session Started",
    "message": "Server Management session is now active.",
    "is_read": false,
    "created_at": "2026-07-14T14:41:34.536Z"
  }
},
{
  "model": "students.notification",
  "pk": 14,
  "fields": {
    "student": 2,
    "title": "Attendance Session Started",
    "message": "Server Management session is now active.",
    "is_read": false,
    "created_at": "2026-07-14T15:07:58.284Z"
  }
},
{
  "model": "students.notification",
  "pk": 15,
  "fields": {
    "student": 3,
    "title": "Attendance Session Started",
    "message": "Server Management session is now active.",
    "is_read": false,
    "created_at": "2026-07-14T15:07:58.291Z"
  }
},
{
  "model": "students.notification",
  "pk": 16,
  "fields": {
    "student": 2,
    "title": "Attendance Session Started",
    "message": "Server Management session is now active.",
    "is_read": false,
    "created_at": "2026-07-14T15:29:56.029Z"
  }
},
{
  "model": "students.notification",
  "pk": 17,
  "fields": {
    "student": 3,
    "title": "Attendance Session Started",
    "message": "Server Management session is now active.",
    "is_read": false,
    "created_at": "2026-07-14T15:29:56.039Z"
  }
},
{
  "model": "students.notification",
  "pk": 18,
  "fields": {
    "student": 2,
    "title": "Attendance Session Started",
    "message": "Server Management session is now active.",
    "is_read": false,
    "created_at": "2026-07-14T15:33:56.542Z"
  }
},
{
  "model": "students.notification",
  "pk": 19,
  "fields": {
    "student": 3,
    "title": "Attendance Session Started",
    "message": "Server Management session is now active.",
    "is_read": false,
    "created_at": "2026-07-14T15:33:56.550Z"
  }
},
{
  "model": "students.notification",
  "pk": 20,
  "fields": {
    "student": 3,
    "title": "Session automatically ended",
    "message": "Server Management session was automatically closed. Checkout is available for 10 minutes.",
    "is_read": false,
    "created_at": "2026-07-15T08:04:11.887Z"
  }
},
{
  "model": "students.notification",
  "pk": 21,
  "fields": {
    "student": 2,
    "title": "Attendance Session Started",
    "message": "Server Management session is now active.",
    "is_read": false,
    "created_at": "2026-07-15T08:09:38.193Z"
  }
},
{
  "model": "students.notification",
  "pk": 22,
  "fields": {
    "student": 3,
    "title": "Attendance Session Started",
    "message": "Server Management session is now active.",
    "is_read": false,
    "created_at": "2026-07-15T08:09:38.199Z"
  }
},
{
  "model": "students.notification",
  "pk": 23,
  "fields": {
    "student": 2,
    "title": "Attendance Session Started",
    "message": "Server Management session is now active.",
    "is_read": false,
    "created_at": "2026-07-15T11:36:14.147Z"
  }
},
{
  "model": "students.notification",
  "pk": 24,
  "fields": {
    "student": 3,
    "title": "Attendance Session Started",
    "message": "Server Management session is now active.",
    "is_read": false,
    "created_at": "2026-07-15T11:36:14.154Z"
  }
},
{
  "model": "students.notification",
  "pk": 25,
  "fields": {
    "student": 2,
    "title": "Attendance Session Started",
    "message": "Server Management session is now active.",
    "is_read": false,
    "created_at": "2026-07-15T12:31:37.417Z"
  }
},
{
  "model": "students.notification",
  "pk": 26,
  "fields": {
    "student": 3,
    "title": "Attendance Session Started",
    "message": "Server Management session is now active.",
    "is_read": false,
    "created_at": "2026-07-15T12:31:37.424Z"
  }
},
{
  "model": "students.notification",
  "pk": 27,
  "fields": {
    "student": 2,
    "title": "Attendance Session Started",
    "message": "Server Management session is now active.",
    "is_read": false,
    "created_at": "2026-07-15T16:34:16.969Z"
  }
},
{
  "model": "students.notification",
  "pk": 28,
  "fields": {
    "student": 3,
    "title": "Attendance Session Started",
    "message": "Server Management session is now active.",
    "is_read": false,
    "created_at": "2026-07-15T16:34:16.977Z"
  }
},
{
  "model": "attendance.attendancesession",
  "pk": 2,
  "fields": {
    "lecturer": 4,
    "course": 1,
    "subject": 1,
    "classroom": 2,
    "timetable": 1,
    "date": "2026-07-14",
    "start_time": "2026-07-14T14:20:22.576Z",
    "end_time": "2026-07-14T14:25:10.227Z",
    "checkout_deadline": "2026-07-14T14:35:10.227Z",
    "latitude": -6.7634967,
    "longitude": 39.2147658,
    "radius_meters": 20,
    "is_active": false,
    "is_override": true,
    "override_reason": "Replacement lecture for postponed Monday class due to lecturer unavailability",
    "override_duration_minutes": 120,
    "created_at": "2026-07-14T14:20:22.576Z",
    "ended_at": "2026-07-14T14:25:10.227Z",
    "auto_closed": false,
    "allowed_wifi_bssid": "ARUSOPASUANET",
    "allowed_beacon_id": null
  }
},
{
  "model": "attendance.attendancesession",
  "pk": 3,
  "fields": {
    "lecturer": 4,
    "course": 1,
    "subject": 1,
    "classroom": 2,
    "timetable": 1,
    "date": "2026-07-14",
    "start_time": "2026-07-14T14:41:34.494Z",
    "end_time": "2026-07-14T14:45:21.622Z",
    "checkout_deadline": "2026-07-14T14:55:21.622Z",
    "latitude": -6.7634967,
    "longitude": 39.2147658,
    "radius_meters": 20,
    "is_active": false,
    "is_override": true,
    "override_reason": "Replacement lecture for postponed Monday class due to lecturer unavailability",
    "override_duration_minutes": 120,
    "created_at": "2026-07-14T14:41:34.495Z",
    "ended_at": "2026-07-14T14:45:21.622Z",
    "auto_closed": false,
    "allowed_wifi_bssid": "ARUSOPASUANET",
    "allowed_beacon_id": null
  }
},
{
  "model": "attendance.attendancesession",
  "pk": 4,
  "fields": {
    "lecturer": 4,
    "course": 1,
    "subject": 1,
    "classroom": 2,
    "timetable": 1,
    "date": "2026-07-14",
    "start_time": "2026-07-14T15:07:58.276Z",
    "end_time": "2026-07-14T15:08:16.021Z",
    "checkout_deadline": "2026-07-14T15:18:16.021Z",
    "latitude": -6.7634967,
    "longitude": 39.2147658,
    "radius_meters": 20,
    "is_active": false,
    "is_override": true,
    "override_reason": "Replacement lecture for postponed Monday class due to lecturer unavailability",
    "override_duration_minutes": 120,
    "created_at": "2026-07-14T15:07:58.276Z",
    "ended_at": "2026-07-14T15:08:16.021Z",
    "auto_closed": false,
    "allowed_wifi_bssid": "ARUSOPASUANET",
    "allowed_beacon_id": null
  }
},
{
  "model": "attendance.attendancesession",
  "pk": 5,
  "fields": {
    "lecturer": 4,
    "course": 1,
    "subject": 1,
    "classroom": 2,
    "timetable": 1,
    "date": "2026-07-14",
    "start_time": "2026-07-14T15:29:55.999Z",
    "end_time": "2026-07-14T15:30:17.447Z",
    "checkout_deadline": "2026-07-14T15:40:17.447Z",
    "latitude": -6.7634967,
    "longitude": 39.2147658,
    "radius_meters": 20,
    "is_active": false,
    "is_override": true,
    "override_reason": "Replacement lecture for postponed Monday class due to lecturer unavailability",
    "override_duration_minutes": 120,
    "created_at": "2026-07-14T15:29:55.999Z",
    "ended_at": "2026-07-14T15:30:17.447Z",
    "auto_closed": false,
    "allowed_wifi_bssid": "ARUSOPASUANET",
    "allowed_beacon_id": null
  }
},
{
  "model": "attendance.attendancesession",
  "pk": 6,
  "fields": {
    "lecturer": 4,
    "course": 1,
    "subject": 1,
    "classroom": 2,
    "timetable": 1,
    "date": "2026-07-14",
    "start_time": "2026-07-14T15:33:56.512Z",
    "end_time": "2026-07-14T17:33:56.512Z",
    "checkout_deadline": "2026-07-15T08:14:11.852Z",
    "latitude": -6.7634967,
    "longitude": 39.2147658,
    "radius_meters": 20,
    "is_active": false,
    "is_override": true,
    "override_reason": "Replacement lecture for postponed Monday class due to lecturer unavailability",
    "override_duration_minutes": 120,
    "created_at": "2026-07-14T15:33:56.512Z",
    "ended_at": "2026-07-15T08:04:11.852Z",
    "auto_closed": true,
    "allowed_wifi_bssid": "ARUSOPASUANET",
    "allowed_beacon_id": null
  }
},
{
  "model": "attendance.attendancesession",
  "pk": 7,
  "fields": {
    "lecturer": 4,
    "course": 1,
    "subject": 1,
    "classroom": 2,
    "timetable": null,
    "date": "2026-07-15",
    "start_time": "2026-07-15T08:09:38.186Z",
    "end_time": "2026-07-15T10:41:03.706Z",
    "checkout_deadline": "2026-07-15T10:51:03.706Z",
    "latitude": -6.7634967,
    "longitude": 39.2147658,
    "radius_meters": 20,
    "is_active": false,
    "is_override": true,
    "override_reason": "Replacement lecture for postponed Monday class due to lecturer unavailability",
    "override_duration_minutes": 120,
    "created_at": "2026-07-15T08:09:38.186Z",
    "ended_at": "2026-07-15T10:41:03.706Z",
    "auto_closed": false,
    "allowed_wifi_bssid": "ARUSOPASUANET",
    "allowed_beacon_id": null
  }
},
{
  "model": "attendance.attendancesession",
  "pk": 8,
  "fields": {
    "lecturer": 4,
    "course": 1,
    "subject": 1,
    "classroom": 2,
    "timetable": null,
    "date": "2026-07-15",
    "start_time": "2026-07-15T11:36:14.118Z",
    "end_time": "2026-07-15T11:37:40.519Z",
    "checkout_deadline": "2026-07-15T11:47:40.519Z",
    "latitude": -6.7634967,
    "longitude": 39.2147658,
    "radius_meters": 20,
    "is_active": false,
    "is_override": true,
    "override_reason": "Testing manual ending",
    "override_duration_minutes": 120,
    "created_at": "2026-07-15T11:36:14.118Z",
    "ended_at": "2026-07-15T11:37:40.519Z",
    "auto_closed": false,
    "allowed_wifi_bssid": "ARUSOPASUANET",
    "allowed_beacon_id": null
  }
},
{
  "model": "attendance.attendancesession",
  "pk": 9,
  "fields": {
    "lecturer": 4,
    "course": 1,
    "subject": 1,
    "classroom": 2,
    "timetable": null,
    "date": "2026-07-15",
    "start_time": "2026-07-15T12:31:37.408Z",
    "end_time": "2026-07-15T12:37:06.411Z",
    "checkout_deadline": "2026-07-15T12:47:06.411Z",
    "latitude": -6.7634967,
    "longitude": 39.2147658,
    "radius_meters": 20,
    "is_active": false,
    "is_override": true,
    "override_reason": "Testing manual ending",
    "override_duration_minutes": 120,
    "created_at": "2026-07-15T12:31:37.408Z",
    "ended_at": "2026-07-15T12:37:06.411Z",
    "auto_closed": false,
    "allowed_wifi_bssid": "ARUSOPASUANET",
    "allowed_beacon_id": null
  }
},
{
  "model": "attendance.attendancesession",
  "pk": 10,
  "fields": {
    "lecturer": 4,
    "course": 1,
    "subject": 1,
    "classroom": 2,
    "timetable": null,
    "date": "2026-07-15",
    "start_time": "2026-07-15T16:34:16.959Z",
    "end_time": null,
    "checkout_deadline": null,
    "latitude": -6.7634967,
    "longitude": 39.2147658,
    "radius_meters": 20,
    "is_active": true,
    "is_override": true,
    "override_reason": "Testing manual ending",
    "override_duration_minutes": 120,
    "created_at": "2026-07-15T16:34:16.960Z",
    "ended_at": null,
    "auto_closed": false,
    "allowed_wifi_bssid": "ARUSOPASUANET",
    "allowed_beacon_id": null
  }
},
{
  "model": "accounts.userdevice",
  "pk": 1,
  "fields": {
    "user": 2,
    "device_id": "web_device",
    "is_verified": true,
    "created_at": "2026-07-07T07:57:40.851Z"
  }
},
{
  "model": "accounts.otp",
  "pk": 1,
  "fields": {
    "user": 2,
    "code": "910993",
    "purpose": "device_verification",
    "created_at": "2026-07-07T07:57:40.866Z",
    "expires_at": "2026-07-07T08:02:40.865Z",
    "is_used": true
  }
},
{
  "model": "accounts.usersessionstate",
  "pk": 1,
  "fields": {
    "user": 1,
    "current_state": "UNAUTHENTICATED",
    "device_verified": false,
    "geofence_verified": false,
    "fingerprint_verified": false,
    "otp_verified": false,
    "fingerprint_attempts": 0,
    "updated_at": "2026-07-06T21:07:47.614Z"
  }
},
{
  "model": "accounts.usersessionstate",
  "pk": 2,
  "fields": {
    "user": 2,
    "current_state": "DEVICE_VERIFIED",
    "device_verified": true,
    "geofence_verified": false,
    "fingerprint_verified": true,
    "otp_verified": false,
    "fingerprint_attempts": 0,
    "updated_at": "2026-07-17T07:57:17.099Z"
  }
},
{
  "model": "accounts.usersessionstate",
  "pk": 3,
  "fields": {
    "user": 3,
    "current_state": "UNAUTHENTICATED",
    "device_verified": false,
    "geofence_verified": false,
    "fingerprint_verified": false,
    "otp_verified": false,
    "fingerprint_attempts": 0,
    "updated_at": "2026-07-07T07:32:23.602Z"
  }
},
{
  "model": "accounts.usersessionstate",
  "pk": 4,
  "fields": {
    "user": 4,
    "current_state": "UNAUTHENTICATED",
    "device_verified": false,
    "geofence_verified": false,
    "fingerprint_verified": false,
    "otp_verified": false,
    "fingerprint_attempts": 0,
    "updated_at": "2026-07-07T07:35:41.173Z"
  }
},
{
  "model": "accounts.usersessionstate",
  "pk": 5,
  "fields": {
    "user": 5,
    "current_state": "UNAUTHENTICATED",
    "device_verified": false,
    "geofence_verified": false,
    "fingerprint_verified": false,
    "otp_verified": false,
    "fingerprint_attempts": 0,
    "updated_at": "2026-07-07T07:45:12.066Z"
  }
},
{
  "model": "accounts.usersessionstate",
  "pk": 6,
  "fields": {
    "user": 6,
    "current_state": "UNAUTHENTICATED",
    "device_verified": false,
    "geofence_verified": false,
    "fingerprint_verified": false,
    "otp_verified": false,
    "fingerprint_attempts": 0,
    "updated_at": "2026-07-15T14:57:12.397Z"
  }
},
{
  "model": "accounts.usersessionstate",
  "pk": 7,
  "fields": {
    "user": 7,
    "current_state": "UNAUTHENTICATED",
    "device_verified": false,
    "geofence_verified": false,
    "fingerprint_verified": false,
    "otp_verified": false,
    "fingerprint_attempts": 0,
    "updated_at": "2026-07-15T15:00:43.973Z"
  }
}
]
